{
    "TTTo2L2Nu": 687.1,
    "TTToHadronic": 687.1,
    "TTToSemiLeptonic": 687.1,
    "ST_s-channel_4f_leptonDecays": 3.549,
    "ST_t-channel_antitop_5f_InclusiveDecays": 71.75,
    "ST_t-channel_top_5f_InclusiveDecays": 119.7,
    "ST_tW_antitop_5f_inclusiveDecays": 32.51,
    "ST_tW_top_5f_inclusiveDecays": 32.45,
    "WJetsToLNu_HT-100To200": 1244.0,
    "WJetsToLNu_HT-200To400": 337.8,
    "WJetsToLNu_HT-400To600": 44.93,
    "WJetsToLNu_HT-600To800": 11.19,
    "WJetsToLNu_HT-800To1200": 4.926,
    "WJetsToLNu_HT-1200To2500": 1.152,
    "WJetsToLNu_HT-2500ToInf": 0.02646,
    "DYJetsToLL_M-50_HT-70to100": 140.0,
    "DYJetsToLL_M-50_HT-100to200": 139.2,
    "DYJetsToLL_M-50_HT-200to400": 48.63,
    "DYJetsToLL_M-50_HT-400to600": 5.174,
    "DYJetsToLL_M-50_HT-600to800": 1.258,
    "DYJetsToLL_M-50_HT-800to1200": 0.5598,
    "DYJetsToLL_M-50_HT-1200to2500": 0.1305,
    "DYJetsToLL_M-50_HT-2500toInf": 0.002997,
    "WW": 76.25,
    "WZ": 27.55,
    "ZZ": 12.23,
    "VBFHToWWTo2L2Nu": 3.892,
    "VBFHToWWToLNuQQ": 3.892,
    "GluGluHToWWToLNuQQ": 28.88,
    "DYJetsToLL_M-50": 6424.0
}